[{"tag":{"S":"npFDnmZTHfOOPhEYqGM0K/_N_T_/layout"},"path":{"S":"npFDnmZTHfOOPhEYqGM0K/_not-found"},"revalidatedAt":{"N":"1698354622062"}},{"tag":{"S":"npFDnmZTHfOOPhEYqGM0K/_N_T_/_not-found/layout"},"path":{"S":"npFDnmZTHfOOPhEYqGM0K/_not-found"},"revalidatedAt":{"N":"1698354622062"}},{"tag":{"S":"npFDnmZTHfOOPhEYqGM0K/_N_T_/_not-found"},"path":{"S":"npFDnmZTHfOOPhEYqGM0K/_not-found"},"revalidatedAt":{"N":"1698354622062"}},{"tag":{"S":"npFDnmZTHfOOPhEYqGM0K/_N_T_/layout"},"path":{"S":"npFDnmZTHfOOPhEYqGM0K/api/items"},"revalidatedAt":{"N":"1698354622063"}},{"tag":{"S":"npFDnmZTHfOOPhEYqGM0K/_N_T_/api/layout"},"path":{"S":"npFDnmZTHfOOPhEYqGM0K/api/items"},"revalidatedAt":{"N":"1698354622063"}},{"tag":{"S":"npFDnmZTHfOOPhEYqGM0K/_N_T_/api/items/layout"},"path":{"S":"npFDnmZTHfOOPhEYqGM0K/api/items"},"revalidatedAt":{"N":"1698354622063"}},{"tag":{"S":"npFDnmZTHfOOPhEYqGM0K/_N_T_/api/items/route"},"path":{"S":"npFDnmZTHfOOPhEYqGM0K/api/items"},"revalidatedAt":{"N":"1698354622063"}},{"tag":{"S":"npFDnmZTHfOOPhEYqGM0K/_N_T_/api/items"},"path":{"S":"npFDnmZTHfOOPhEYqGM0K/api/items"},"revalidatedAt":{"N":"1698354622063"}},{"tag":{"S":"npFDnmZTHfOOPhEYqGM0K/_N_T_/layout"},"path":{"S":"npFDnmZTHfOOPhEYqGM0K/favicon.ico"},"revalidatedAt":{"N":"1698354622063"}},{"tag":{"S":"npFDnmZTHfOOPhEYqGM0K/_N_T_/favicon.ico/layout"},"path":{"S":"npFDnmZTHfOOPhEYqGM0K/favicon.ico"},"revalidatedAt":{"N":"1698354622063"}},{"tag":{"S":"npFDnmZTHfOOPhEYqGM0K/_N_T_/favicon.ico/route"},"path":{"S":"npFDnmZTHfOOPhEYqGM0K/favicon.ico"},"revalidatedAt":{"N":"1698354622063"}},{"tag":{"S":"npFDnmZTHfOOPhEYqGM0K/_N_T_/favicon.ico"},"path":{"S":"npFDnmZTHfOOPhEYqGM0K/favicon.ico"},"revalidatedAt":{"N":"1698354622063"}},{"tag":{"S":"npFDnmZTHfOOPhEYqGM0K/_N_T_/layout"},"path":{"S":"npFDnmZTHfOOPhEYqGM0K/index"},"revalidatedAt":{"N":"1698354622064"}},{"tag":{"S":"npFDnmZTHfOOPhEYqGM0K/_N_T_/page"},"path":{"S":"npFDnmZTHfOOPhEYqGM0K/index"},"revalidatedAt":{"N":"1698354622064"}},{"tag":{"S":"npFDnmZTHfOOPhEYqGM0K/_N_T_/"},"path":{"S":"npFDnmZTHfOOPhEYqGM0K/index"},"revalidatedAt":{"N":"1698354622064"}}]